video_gameLabel,Entities,genre,platform,gameModes,inputDevice
Civilization III,Q2374,turn-based strategy video game; simulation video game; grand strategy wargame; strategy video game; 4X,Microsoft Windows; macOS; Classic Mac OS,hotseat; single-player video game; multiplayer video game,mouse; computer keyboard
Civilization IV,Q2377,4X; grand strategy wargame; turn-based strategy video game,Microsoft Windows; macOS; Classic Mac OS,co-op mode; single-player video game; multiplayer video game; multiplayer online game,mouse; computer keyboard
Civilization V,Q2385,4X; turn-based strategy video game,Microsoft Windows; Linux; macOS,co-op mode; single-player video game; multiplayer video game,mouse; computer keyboard
Commandos 2: Men of Courage,Q2387,real-time tactics; multiple perspectives role-playing,Microsoft Windows; PlayStation 2; macOS; Xbox,co-op mode; single-player video game; multiplayer video game,computer keyboard
Freedom Force vs the 3rd Reich,Q2440,tactical role-playing game; real-time tactics,Microsoft Windows,single-player video game; multiplayer video game,
Need for Speed: Shift,Q4104,racing video game,Windows Mobile; Android; Xbox 360; Microsoft Windows; iOS; PlayStation Portable; Symbian; PlayStation 3,single-player video game; multiplayer video game,computer keyboard; touchscreen
VVVVVV,Q5766,indie game; puzzle-platformer,PlayStation Vita; Ouya; Nintendo 3DS; Android; Linux; Microsoft Windows; iOS; Nintendo Switch; Commodore 64; PlayStation 4; macOS; Pandora,co-op mode; single-player video game,computer keyboard; gamepad; touchscreen
100 Bullets,Q8529,action game,Xbox; Wii; Xbox 360; PlayStation 2; PlayStation Portable; Game Boy Advance; PlayStation 3; Nintendo DS,,
Super Mario Bros.,Q11168,2D platform game,Nintendo Entertainment System,single-player video game; two-player video game,gamepad
Donkey Kong,Q12384,platform game,DOS; ColecoVision; Commodore VIC-20; IBM Personal Computer; Amstrad CPC; Commodore Amiga; Intellivision; Apple II; Atari 7800; Coleco; Texas Instruments TI-99/4A; Game & Watch series; Nintendo Entertainment System; Atari 2600; Nintendo e-Reader; Family Computer Disk System; Game Boy Advance; Commodore 64; Atari 8-bit family; ZX Spectrum; arcade video game machine; MSX,single-player video game; multiplayer video game,joystick
The Legend of Zelda,Q12395,action-adventure game,Nintendo Entertainment System; Family Computer Disk System,single-player video game,
Death to Spies,Q13165,stealth game; third-person shooter; shooter game,Microsoft Windows,single-player video game,
Stronghold: Crusader Extreme,Q13699,real-time strategy; simulation video game,Microsoft Windows,single-player video game,computer keyboard
Uncharted 3: Drake's Deception,Q17138,action-adventure game; third-person shooter; platform game,PlayStation 3,co-op mode; player versus player; single-player video game; multiplayer video game,DualShock 3
Uncharted 2: Among Thieves,Q17146,action-adventure game; third-person shooter; platform game,PlayStation 3; PlayStation 4,single-player video game; multiplayer video game,DualShock 4; DualShock 3
Uncharted: Drake's Fortune,Q17150,action-adventure game; third-person shooter; platform game,PlayStation 3,single-player video game,DualShock 3
Grand Theft Auto V,Q17452,action-adventure game; third-person shooter; first-person shooter,PlayStation 5; Xbox 360; Microsoft Windows; Xbox One; PlayStation 3; Xbox Series X and Series S; PlayStation 4,co-op mode; player versus player; single-player video game; multiplayer video game,mouse; computer keyboard; gamepad
Spectromancer,Q17724,card video game; fantasy video game; turn-based strategy video game,Microsoft Windows; iOS,hotseat; single-player video game; multiplayer video game,mouse; computer keyboard; touchscreen
Wolfenstein 3D,Q18940,first-person shooter,Apple II series; IBM Personal Computer; Xbox 360; Atari Jaguar; Microsoft Windows; PlayStation 3; Atari TOS; Super Nintendo Entertainment System; Apple IIGS; MorphOS; iOS; MS-DOS; NEC PC-9800 series; 3DO Interactive Multiplayer; Classic Mac OS; Xbox; Android; Game Boy Advance; Amiga 1200; RISC OS; AmigaOS; Acorn Archimedes; Linux; Pocket PC; Atari ST,single-player video game,mouse; computer keyboard; joystick; touchscreen
Half-Life 2: Episode One,Q18951,science fiction video game; first-person shooter,Linux; Xbox 360; Microsoft Windows; PlayStation 3; macOS,single-player video game,mouse
Rappelz,Q19419,fantasy video game,Microsoft Windows,multiplayer video game,computer keyboard
"Grand Theft Auto: London, 1961",Q19433,shoot 'em up; action-adventure game,Microsoft Windows,single-player video game; multiplayer video game,computer keyboard
Empire Earth,Q20420,strategy video game; real-time strategy,Microsoft Windows,single-player video game; multiplayer video game,computer keyboard
Amnesia: The Dark Descent,Q22986,psychological horror; indie game,Microsoft Windows; Linux; macOS,single-player video game,
Magicland Dizzy,Q23911,platform game; adventure game,DOS; Amstrad CPC; ZX Spectrum; Commodore Amiga; Commodore 64; Nintendo Entertainment System; Atari ST,single-player video game,
Gunvalkyrie,Q23992,science fiction video game; third-person shooter,Xbox,single-player video game,gamepad
MotorStorm: Arctic Edge,Q24071,racing video game,PlayStation 2; PlayStation Portable,single-player video game; multiplayer video game,gamepad
FinnWars,Q24076,first-person shooter,Microsoft Windows; macOS,multiplayer video game,computer keyboard
Doki! Doki! Yūenchi: Crazy Land Daisakusen,Q24170,action game,Nintendo Entertainment System,single-player video game,
InFamous 2,Q24300,science fiction video game; action-adventure game,PlayStation 3,single-player video game,DualShock
Fire Emblem: New Mystery of the Emblem,Q24516,tactical role-playing game,Nintendo DS,single-player video game; multiplayer video game,
Guardian Cross,Q25680,card video game,Android; iOS,single-player video game; multiplayer video game,touchscreen
DC Universe Online,Q27107,massively multiplayer online role-playing game,Microsoft Windows; Nintendo Switch; PlayStation 3; PlayStation 4,co-op mode; multiplayer video game,
Bio Miracle Bokutte Upa,Q27296,platform game,Nintendo Entertainment System; Family Computer Disk System,single-player video game,
Army Men: RTS,Q28226,real-time strategy,Microsoft Windows; PlayStation 2; Nintendo GameCube,single-player video game; multiplayer video game,
Restricted Area,Q28258,action role-playing game,Microsoft Windows,single-player video game,mouse
Guardians,Q28276,beat 'em up,arcade video game machine,co-op mode; single-player video game,
Cossacks II: Napoleonic Wars,Q28362,real-time tactics; real-time strategy,Microsoft Windows,single-player video game; multiplayer video game,
Cossacks: European Wars,Q28418,real-time strategy,Microsoft Windows,single-player video game; multiplayer video game,mouse
Superman,Q29715,action-adventure game,Atari 2600,single-player video game,
Wind: A Breath of Heart,Q31332,harem; drama anime and manga; school anime and manga; eroge; visual novel; romance anime and manga,Microsoft Windows; PlayStation 2; Dreamcast,,
Forza Motorsport 4,Q31560,sim racing,Xbox 360,single-player video game; multiplayer video game,gamepad
Spore Hero Arena,Q31685,life simulation game,Nintendo DS,single-player video game; multiplayer video game,
Age of Empires II: The Age of Kings,Q34852,real-time strategy,Microsoft Windows; PlayStation 2,single-player video game; multiplayer video game,mouse; computer keyboard
Age of Empires III,Q34869,real-time strategy,Microsoft Windows; N-Gage; Windows Mobile; macOS,single-player video game; multiplayer video game,mouse; computer keyboard
Age of Empires Online,Q34920,massively multiplayer online real-time strategy game,Microsoft Windows,multiplayer video game,computer keyboard
Sonic the Hedgehog 2,Q35407,platform game,Sega Master System; Game Gear,single-player video game,
Sonic the Hedgehog 2,Q35627,platform game,Nintendo 3DS; Xbox; Virtual Console; Android; Linux; Xbox 360; Microsoft Windows; Sega Genesis; PlayStation 2; mobile phone; iOS; Windows Phone; Nintendo Switch; Nintendo DS; arcade video game machine; macOS; Nintendo GameCube,co-op mode; single-player video game,gamepad; touchscreen
Sonic the Hedgehog,Q37115,platform game,Sega Master System; Game Gear,single-player video game,
Sonic the Hedgehog,Q37123,platform game,"Nintendo 3DS; BlackBerry; Xbox 360; Microsoft Windows; mobile phone; Amazon Fire TV; Nintendo Switch; PlayStation 3; Java Platform, Micro Edition; Apple TV; Sega Genesis; Xbox One; iOS; PlayStation Portable; Dreamcast; macOS; PlayStation 4; Xbox; Android; PlayStation 2; Game Boy Advance; Nintendo GameCube; Wii; Sega Saturn; Linux; Nintendo DS; arcade video game machine",single-player video game,mouse; computer keyboard; gamepad; touchscreen
Pekka the Rooster 2,Q37229,platform game; indie game,Microsoft Windows; Android,single-player video game,
Assassin's Creed III,Q40166,stealth game; action-adventure game,"Xbox 360; Microsoft Windows; Xbox One; Nintendo Switch; PlayStation 3; Java Platform, Micro Edition; Wii U; PlayStation 4",co-op mode; single-player video game; multiplayer video game,mouse; computer keyboard; gamepad
Sonic & Knuckles,Q40177,platform game,Wii; Xbox; Sega Saturn; Linux; Xbox 360; Microsoft Windows; Sega Genesis; PlayStation 2; PlayStation 3; macOS; Nintendo GameCube,single-player video game,gamepad
Sly Cooper and the Thievius Raccoonus,Q40627,stealth game; platform game,PlayStation Vita; PlayStation 2; PlayStation 3,single-player video game,DualShock 2
James Pond 2: Codename: RoboCod,Q44346,Christmas video game; platform game,DOS; Super Nintendo Entertainment System; Acorn Archimedes; Sega Master System; Sega Genesis; PlayStation 2; PlayStation; Game Boy Advance; Commodore 64; Amiga 1200; Nintendo Switch; Atari ST,single-player video game,
Nintendo Land,Q44373,party video game,Wii U,single-player video game; multiplayer video game,
Animal Crossing: New Leaf,Q44462,Christmas video game; life simulation game,Nintendo 3DS,single-player video game; multiplayer video game,stylus
Stronghold,Q44896,real-time strategy; city-building game,MS-DOS,single-player video game,computer keyboard
Halo 4,Q45028,first-person shooter,Xbox One; Xbox 360,single-player video game; multiplayer video game,gamepad
AntMe!,Q48251,serious game,Microsoft Windows,,
Curiosity – What's Inside the Cube?,Q48721,massively multiplayer online game,Android; iOS,multiplayer video game,touchscreen
The Elder Scrolls IV: Oblivion,Q49607,action role-playing game; role-playing video game,Xbox 360; Microsoft Windows; personal computer; mobile phone; PlayStation 3,single-player video game,mouse; computer keyboard; gamepad
Minecraft,Q49740,sandbox game; action-adventure game; survival game,Java Virtual Machine; Ouya; New Nintendo 3DS; Xbox 360; Microsoft Windows; ChromeOS; Nintendo Switch; PlayStation 3; PlayStation Vita; Xbox One; iOS; Kindle Fire HD; Windows Phone; macOS; PlayStation 4; Android; Wii U; Linux; Raspberry Pi,single-player video game; multiplayer video game,computer keyboard; game controller; touchscreen; mouse; joystick
Star Heritage 1: The Black Cobra,Q52053,indie game; adventure game,Microsoft Windows; personal computer; ZX Spectrum; Game Boy Color,single-player video game,
The Neverhood,Q52058,adventure game,Microsoft Windows; PlayStation,single-player video game,mouse
Star Wars: Rogue Squadron,Q54297,action game; shooter game,Microsoft Windows; Nintendo 64,single-player video game,gamepad
Star Wars Rogue Squadron III: Rebel Strike,Q54304,action game,Nintendo GameCube,co-op mode; single-player video game; multiplayer video game,
Star Wars Rogue Squadron II: Rogue Leader,Q54307,action game,Nintendo GameCube,single-player video game,gamepad
Star Wars,Q54317,shoot 'em up,Atari 2600; DOS; Atari 5200; BBC Micro; ColecoVision; Amstrad CPC; ZX Spectrum; Commodore Amiga; Acorn Electron; Commodore 64; Atari ST; arcade video game machine,single-player video game,
Star Wars,Q54319,action game; platform game,Nintendo Entertainment System,single-player video game,
Star Wars,Q54320,two-dimensional space; platform game,Nintendo Entertainment System; Game Boy; Sega Master System; Game Gear,single-player video game,
Super Star Wars,Q54322,platform game,PlayStation Vita; Super Nintendo Entertainment System; PlayStation 4; Wii,single-player video game,
Star Wars Arcade,Q54323,shoot 'em up; action game,arcade video game machine; Sega 32X,single-player video game; multiplayer video game,joystick
The Empire Strikes Back,Q54325,shoot 'em up,Atari 2600; Intellivision,single-player video game; multiplayer video game,joystick
Star Wars: The Empire Strikes Back,Q54327,shoot 'em up,Amstrad CPC; ZX Spectrum; Commodore Amiga; Commodore 64; Atari ST; arcade video game machine,single-player video game,
Star Wars: The Empire Strikes Back,Q54329,action game; action-adventure game,Nintendo Entertainment System; Game Boy,single-player video game,
Super Star Wars: The Empire Strikes Back,Q54330,platform game,Super Nintendo Entertainment System; Wii,single-player video game,
Return of the Jedi: Death Star Battle,Q54331,shoot 'em up,Atari 2600; Atari 5200; ZX Spectrum,single-player video game,
Star Wars: Return of the Jedi,Q54334,shoot 'em up; shooter game; racing video game,BBC Micro; DOS; Amstrad CPC; ZX Spectrum; Commodore Amiga; Commodore 64; Atari ST; arcade video game machine,single-player video game,
Super Star Wars: Return of the Jedi,Q54335,platform game,Game Boy; Super Nintendo Entertainment System; Wii; Game Gear,single-player video game,
Star Wars: Episode I – The Phantom Menace,Q54338,action-adventure game; space opera video game,Microsoft Windows; PlayStation,single-player video game,computer keyboard
Star Wars Episode I: Jedi Power Battles,Q54839,action-adventure game,Dreamcast; Game Boy Advance; PlayStation,co-op mode; single-player video game; multiplayer video game,
Star Wars Episode I: Battle for Naboo,Q54840,action game,Microsoft Windows; Nintendo 64,single-player video game,gamepad
Star Wars Episode I: Obi-Wan's Adventures,Q54842,action-adventure game,Game Boy Color,single-player video game,
Star Wars: Obi-Wan,Q54843,action-adventure game,Xbox,single-player video game; multiplayer video game,
Star Wars: Episode II – Attack of the Clones,Q54844,action game; space opera video game,Game Boy Advance,single-player video game,
Star Wars: The New Droid Army,Q54845,action game,Game Boy Advance,single-player video game; multiplayer video game,
Star Wars: Episode III – Revenge of the Sith,Q54846,action-adventure game; space opera video game,PlayStation 2; Nintendo DS; Game Boy Advance; Xbox,single-player video game; multiplayer video game,
Star Wars: The Clone Wars – Lightsaber Duels,Q54847,adventure game,Wii,single-player video game,Wii Remote
Star Wars: The Clone Wars – Jedi Alliance,Q54848,adventure game,Nintendo DS,,touchscreen
Star Wars: The Clone Wars – Republic Heroes,Q54850,action-adventure game,Wii; Xbox 360; Microsoft Windows; PlayStation 2; PlayStation Portable; PlayStation 3; Nintendo DS,single-player video game; multiplayer video game,gamepad
Clone Wars Adventures,Q54851,massively multiplayer online game; adventure game,Microsoft Windows,multiplayer video game,computer keyboard
Star Wars: X-Wing,Q54853,space combat simulation game,Microsoft Windows; IBM PC compatible; Mac; macOS,single-player video game,computer keyboard; joystick
Angry Birds Star Wars,Q54854,puzzle video game; crossover fiction,PlayStation Vita; BlackBerry 10; Nintendo 3DS; Wii; Android; Xbox 360; Microsoft Windows; Xbox One; iOS; Windows Phone; PlayStation 4; PlayStation 3; Wii U; macOS,,touchscreen
Star Wars Trilogy: Apprentice of the Force,Q54856,action game; platform game,Game Boy Advance,single-player video game,
Star Wars: Battlefront,Q54859,third-person shooter; first-person shooter,Microsoft Windows; PlayStation 2; macOS; Xbox,single-player video game; multiplayer video game,mouse; computer keyboard; gamepad
Star Wars Battlefront: Renegade Squadron,Q54864,third-person shooter; first-person shooter,PlayStation Portable,single-player video game; multiplayer video game,
Star Wars: Battlefront II,Q54865,third-person shooter; first-person shooter; space opera video game,Microsoft Windows; PlayStation 2; PlayStation Portable; Xbox,single-player video game; multiplayer video game,gamepad
Star Wars Battlefront: Elite Squadron,Q54870,third-person shooter,Nintendo DS; PlayStation Portable,single-player video game; multiplayer video game,
Lego Star Wars: The Complete Saga,Q55214,action-adventure game,Wii; Android; Xbox 360; Microsoft Windows; iOS; PlayStation 3; Nintendo DS; macOS,co-op mode; single-player video game; multiplayer video game,mouse; touchscreen
Lego Star Wars: The Video Game,Q55216,action-adventure game,Xbox; Microsoft Windows; PlayStation 2; Game Boy Advance; macOS; Nintendo GameCube,co-op mode; single-player video game; multiplayer video game,gamepad
Star Wars Episode I: Racer,Q55217,racing video game,Classic Mac OS; Nintendo 64; Microsoft Windows; Dreamcast; PlayStation 4,single-player video game; multiplayer video game,
Star Wars: Bounty Hunter,Q55219,action game,PlayStation 2; PlayStation 4; Nintendo GameCube,single-player video game,gamepad
Star Wars: Racer Arcade,Q55223,racing video game,arcade video game machine,single-player video game,
Star Wars: Starfighter,Q55225,action game,Microsoft Windows; PlayStation 2; arcade video game machine; Xbox,single-player video game; multiplayer video game,
Star Wars: Super Bombad Racing,Q55227,racing video game,PlayStation 2,single-player video game; multiplayer video game,
Lego Star Wars III: The Clone Wars,Q55228,action-adventure game; platform game,Nintendo 3DS; Wii; Xbox 360; Microsoft Windows; PlayStation Portable; PlayStation 3; Nintendo DS; macOS,co-op mode; single-player video game; multiplayer video game,gamepad
Star Wars: Jedi Starfighter,Q55229,action game,PlayStation 2; PlayStation 3; PlayStation 4; Xbox,co-op mode; single-player video game,
Star Wars: The Clone Wars,Q55232,action game,PlayStation 2; Xbox; Nintendo GameCube,single-player video game; multiplayer video game,
Star Wars: Republic Commando: Order 66,Q55237,strategy video game,mobile phone,single-player video game,
Lego Star Wars II: The Original Trilogy,Q55239,action-adventure game; platform game,Xbox; Xbox 360; Microsoft Windows; PlayStation 2; PlayStation Portable; Game Boy Advance; Nintendo DS; macOS; Nintendo GameCube,co-op mode; single-player video game,Nintendo GameCube controller; Xbox 360 controller; DualShock 2; Xbox controller
Lego Star Wars II Mobile,Q55246,action-adventure game; puzzle video game,mobile phone,single-player video game,
Star Wars Trilogy Arcade,Q55248,shoot 'em up,arcade video game machine,single-player video game,
Star Wars: Behind the Magic,Q55251,behind-the-scenes,Microsoft Windows,single-player video game,
Star Wars: Flight of the Falcon,Q55253,shooter game,Game Boy Advance,single-player video game,
Star Wars: Force Commander,Q55254,real-time strategy,Microsoft Windows,single-player video game; multiplayer video game,
Star Wars: Masters of Teräs Käsi,Q55257,fighting game,PlayStation,single-player video game; multiplayer video game,
Star Wars: Rebel Assault,Q55259,shoot 'em up,Classic Mac OS; Sega CD; Microsoft Windows; IBM PC compatible; 3DO Interactive Multiplayer,single-player video game,mouse
Star Wars: Shadows of the Empire,Q55263,action game,Microsoft Windows; Nintendo 64,single-player video game,
Star Wars: Yoda Stories,Q55265,adventure game,Microsoft Windows,single-player video game,
Star Wars Galaxies,Q55272,science fiction video game; massively multiplayer online role-playing game; role-playing video game,Microsoft Windows,multiplayer video game,mouse; computer keyboard
Star Wars: Dark Forces,Q55287,first-person shooter,Classic Mac OS; DOS; Microsoft Windows; PlayStation; macOS,single-player video game,mouse
Star Wars Jedi Knight: Dark Forces II,Q55291,first-person shooter,Microsoft Windows,single-player video game; multiplayer video game,mouse
Star Wars Jedi Knight: Jedi Academy,Q55295,first-person shooter,Classic Mac OS; Xbox; Microsoft Windows; PlayStation 4; Nintendo Switch; macOS,single-player video game; multiplayer video game,computer keyboard
Star Wars Jedi Knight II: Jedi Outcast,Q55298,third-person shooter; first-person shooter,Classic Mac OS; Xbox; macOS; Microsoft Windows; PlayStation 4; Nintendo GameCube,single-player video game; multiplayer video game,computer keyboard
Star Wars: TIE Fighter,Q55312,space combat simulation game,Microsoft Windows; DOS; Classic Mac OS,single-player video game,computer keyboard; joystick
Star Wars: X-Wing Alliance,Q55313,space combat simulation game,Microsoft Windows; IBM PC compatible,single-player video game; multiplayer video game,computer keyboard
Star Wars: X-Wing vs. TIE Fighter,Q55314,space combat simulation game,Microsoft Windows; IBM PC compatible; Mac,co-op mode; single-player video game; multiplayer video game,
Star Wars: Empire at War,Q55315,real-time strategy,Microsoft Windows; macOS,single-player video game; multiplayer video game,mouse; computer keyboard
1942,Q55532,shoot 'em up,Amstrad CPC; ZX Spectrum; iOS; Commodore 64; Nintendo Entertainment System; arcade video game machine; MSX,single-player video game,touchscreen
Saboteur II: Avenging Angel,Q55533,action-adventure game; platform game,DOS; Microsoft Windows; Amstrad CPC; ZX Spectrum; Commodore 64; Nintendo Switch,single-player video game,computer keyboard
Cyclone,Q55534,arcade-style video game,ZX Spectrum,single-player video game,computer keyboard; joystick
1943: The Battle of Midway,Q55535,shoot 'em up,TurboGrafx-16; Amstrad CPC; ZX Spectrum; Commodore Amiga; Commodore 64; Nintendo Entertainment System; PlayStation 3; Atari ST,single-player video game,
10th Frame,Q55536,sports video game; bowling video game,DOS; Amstrad CPC; ZX Spectrum; Commodore 64; MSX,single-player video game,
180,Q55537,darts video game,Amstrad CPC; ZX Spectrum; MSX; Commodore 64,single-player video game; multiplayer video game,
007: Licence to Kill,Q55538,shoot 'em up,BBC Micro; DOS; Amstrad CPC; ZX Spectrum; Commodore Amiga; Commodore 64; Atari ST; MSX,single-player video game,game controller
19 Part One: Boot Camp,Q55555,military education and training,ZX Spectrum; Commodore 64,single-player video game,
3D Construction Kit,Q55561,3D computer graphics software; game creation system,DOS; Acorn Archimedes; Commodore 128; Amstrad CPC; ZX Spectrum; Commodore Amiga; Commodore 64; Atari ST,,
Deathchase,Q55562,shoot 'em up; vehicular combat game,ZX Spectrum,single-player video game,computer keyboard
3D Knockout,Q55563,boxing video game,MSX,,
3-D Monster Chase,Q55565,maze video game,Amstrad CPC; ZX Spectrum,single-player video game,
3D Tanx,Q55566,shoot 'em up,BBC Micro; ZX Spectrum; Commodore 64,single-player video game,
3D Tunnel,Q55587,shoot 'em up,ZX Spectrum; Commodore 64,single-player video game,
Boulder Dash,Q55605,puzzle video game,Atari 8-bit family; Apple II series; FM-7; ColecoVision; IBM Personal Computer; Game Boy; Android; Amstrad CPC; Commodore Amiga; iOS; ZX Spectrum; Windows Phone; Commodore 64; Nintendo Entertainment System; Atari ST; MSX,single-player video game,computer keyboard; touchscreen
Bonanza Bros.,Q55607,stealth game; action game; platform game; side-scrolling video game,Wii; TurboGrafx-16; Linux; Sega Master System; Microsoft Windows; Sega Genesis; Amstrad CPC; ZX Spectrum; Commodore Amiga; Commodore 64; macOS,co-op mode; single-player video game,joystick
Atic Atac,Q55608,action-adventure game,ZX Spectrum,single-player video game,
Athena,Q55610,platform game,Nintendo Entertainment System; Amstrad CPC; ZX Spectrum; Commodore 64,single-player video game,
Army Moves,Q55611,action game; scrolling shooter,DOS; Amstrad CPC; ZX Spectrum; Commodore Amiga; Commodore 64; Atari ST; MSX,single-player video game,
Battlezone,Q55616,vehicular combat game; simulation video game,Atari 2600; DOS; Commodore VIC-20; ZX Spectrum; PlayStation Portable; Commodore 64; Atari ST,single-player video game,joystick
Bionic Commando,Q55620,platform game,DOS; Amstrad CPC; ZX Spectrum; Commodore Amiga; Commodore 64; Nintendo Entertainment System; Atari ST,single-player video game; multiplayer video game,
Bionic Commando,Q55622,Metroidvania,Nintendo Entertainment System,single-player video game,gamepad
Nether Earth,Q55668,real-time strategy,Amstrad CPC; ZX Spectrum; Commodore 64,single-player video game,computer keyboard
Quazatron,Q55670,action game,ZX Spectrum,single-player video game,
R-Type,Q55673,science fiction video game; shoot 'em up,Java Virtual Machine; TurboGrafx-16; PC Engine SuperGrafx; Android; Sega Master System; Amstrad CPC; Commodore Amiga; iOS; ZX Spectrum; Commodore 64; Atari ST; arcade video game machine; MSX,single-player video game; multiplayer video game,joystick; touchscreen
The Trap Door,Q55675,action-adventure game,Amstrad CPC; ZX Spectrum; Commodore 64,single-player video game,computer keyboard
Sherlock,Q55676,interactive fiction,ZX Spectrum; Commodore 64,single-player video game,
Elite,Q55815,science fiction video game; space trading and combat game; space flight simulation game,BBC Micro; DOS; Apple II; SAM Coupé; Acorn Archimedes; Tatung Einstein; Amstrad CPC; ZX Spectrum; Commodore Amiga; Acorn Electron; Commodore 64; Nintendo Entertainment System; Atari ST; MSX,single-player video game,computer keyboard
Alchemist,Q55817,action-adventure game,Microsoft Windows; ZX Spectrum,single-player video game,
Syobon Action,Q56879,action-adventure game,Microsoft Windows,single-player video game,computer keyboard
Mega Man X: Command Mission,Q56939,role-playing video game,PlayStation 2; Nintendo GameCube,single-player video game,
BioShock,Q57270,science fiction video game; video game with LGBT character; first-person shooter,Xbox 360; Microsoft Windows; iOS; PlayStation 3; macOS,single-player video game,mouse; touchscreen
All or Nothing,Q57622,action-adventure game,ZX Spectrum,single-player video game,
Angler,Q57631,sports video game; fishing video game,ZX Spectrum,single-player video game,
Avalon The 3D Adventure Movie,Q57639,action game; action-adventure game,PlayStation 3; ZX Spectrum,single-player video game,
Back to Skool,Q57644,action-adventure game,ZX Spectrum,single-player video game,computer keyboard
Dumb Ways to Die,Q58120,puzzle video game,Android; iOS,,touchscreen
Mafia 2,Q59154,action-adventure game; third-person shooter,Microsoft Windows; PlayStation 3; macOS; Xbox 360,single-player video game,computer keyboard
Fallout,Q60102,role-playing video game,Microsoft Windows; DOS; macOS; Classic Mac OS,single-player video game,mouse; computer keyboard
NationStates,Q63064,government simulation game,web browser,,computer keyboard
SimIsle,Q63266,construction and management simulation,Microsoft Windows; DOS; Classic Mac OS,single-player video game,
Ingress,Q63352,location-based game; augmented reality; massively multiplayer online real-time strategy game; massively multiplayer online game,Android; iOS,multiplayer video game,touchscreen
Call of Duty: Black Ops: Declassified,Q71932,first-person shooter,PlayStation Vita,single-player video game; multiplayer video game,
Wii Sports,Q71936,sports video game,Wii,hotseat; single-player video game; multiplayer video game,Wii Remote
Himawari no Kyōkai to Nagai Natsuyasumi,Q73289,eroge; visual novel,Microsoft Windows; PlayStation 3; PlayStation Portable,,
Star Wars: Rebel Assault II: The Hidden Empire,Q74061,shoot 'em up,Classic Mac OS; IBM PC compatible; PlayStation,single-player video game,joystick
GetAmped,Q74245,action game; free-to-play; massively multiplayer online game,Microsoft Windows,multiplayer online game,computer keyboard
Indiana Jones and the Fate of Atlantis,Q74401,adventure game,Classic Mac OS; DOS; Microsoft Windows; Commodore Amiga; macOS,single-player video game,mouse
Star Wars: The Force Unleashed II,Q74539,action-adventure game,Wii; Xbox 360; Microsoft Windows; PlayStation 3; Nintendo DS,single-player video game,computer keyboard; gamepad
Lego Batman: The Videogame,Q74545,action-adventure game,Wii; Xbox 360; Microsoft Windows; PlayStation 2; PlayStation Portable; PlayStation 3; Nintendo DS,single-player video game; multiplayer video game,computer keyboard
Lego Indiana Jones: The Original Adventures,Q74630,action-adventure game,Wii; Xbox; Xbox 360; Microsoft Windows; PlayStation 2; PlayStation Portable; PlayStation 3; Nintendo DS; macOS,co-op mode; single-player video game; multiplayer video game,computer keyboard
Star Wars Knights of the Old Republic II: The Sith Lords,Q74669,space opera video game; role-playing video game,Xbox; Android; Linux; Microsoft Windows; iOS; macOS,single-player video game,computer keyboard; touchscreen
Lego Indiana Jones 2: The Adventure Continues,Q74683,action-adventure game,Wii; Xbox 360; Microsoft Windows; PlayStation 3; macOS,co-op mode; single-player video game,gamepad
Call of Duty 4: Modern Warfare,Q76255,first-person shooter,Wii; Xbox 360; Microsoft Windows; PlayStation 3; macOS,single-player video game; multiplayer video game,
CityVille 2,Q76763,construction and management simulation; casual game; simulation video game; city-building game; social network game,Facebook,single-player video game; multiplayer video game,computer keyboard
CityVille,Q76794,construction and management simulation; city-building game,Facebook,single-player video game; multiplayer video game,computer keyboard
Assassin's Creed III: Liberation,Q76868,stealth game; action-adventure game,Microsoft Windows; PlayStation Vita; PlayStation 3; Xbox 360,single-player video game; multiplayer video game,game controller
Picopict,Q77596,puzzle video game,Nintendo DSi,single-player video game,touchscreen
FishVille,Q80402,simulation video game,Facebook,single-player video game; multiplayer video game,computer keyboard
Dragon Quest III,Q81288,role-playing video game,Super Nintendo Entertainment System; Android; iOS; Nintendo Switch; Nintendo Entertainment System,single-player video game,touchscreen
Panzer Dragoon Saga,Q81777,role-playing video game,Sega Saturn,single-player video game,gamepad
Fracture,Q81841,science fiction video game; third-person shooter,PlayStation 3; Xbox 360,single-player video game; multiplayer video game,gamepad
Tales of the Abyss,Q82050,action role-playing game; role-playing video game,PlayStation 2; Nintendo 3DS,co-op mode; single-player video game; multiplayer video game,gamepad
Fantasy World Dizzy,Q83115,action-adventure game; platform game,DOS; Amstrad CPC; ZX Spectrum; Commodore Amiga; Commodore 64; Atari ST,single-player video game,computer keyboard
Grand Theft Auto: San Andreas,Q83265,action-adventure game; third-person shooter,Xbox; Android; Xbox 360; Microsoft Windows; PlayStation 2; iOS; Windows Phone; PlayStation 4; PlayStation 3; macOS,single-player video game; multiplayer video game,mouse; computer keyboard; gamepad; touchscreen
Family Guy: Back to the Multiverse,Q83524,action-adventure game,Microsoft Windows; PlayStation 3; Xbox 360,single-player video game; multiplayer video game,
Epic Mickey 2: The Power of Two,Q83565,post-apocalyptic video game; platform game; crossover fiction,PlayStation Vita; Wii; Xbox 360; Microsoft Windows; PlayStation 3; Wii U,single-player video game; multiplayer video game,computer keyboard; joystick
Forza Horizon,Q83843,racing video game,Xbox 360,single-player video game; multiplayer video game,gamepad
Warlock: Master of the Arcane,Q83995,4X; indie game; turn-based strategy video game,Microsoft Windows,single-player video game,computer keyboard
4 Soccer Simulators,Q87693,association football video game,Amstrad CPC; ZX Spectrum; Commodore 64,,
4x4 Off-Road Racing,Q88226,racing video game,DOS; Amstrad CPC; ZX Spectrum; Commodore Amiga; Commodore 64; MSX,single-player video game,
720°,Q88240,sports video game; action game,Game Boy Color; Amstrad CPC; ZX Spectrum; Commodore 64; Nintendo Entertainment System,single-player video game,
750cc Grand Prix,Q88255,racing video game,Amstrad CPC; ZX Spectrum,single-player video game,
A-Jax,Q88273,shooter game,DOS; Amstrad CPC; ZX Spectrum; Commodore 64; PlayStation 4,single-player video game,
A Question of Sport,Q88456,sports video game; quiz video game,BBC Micro; Amstrad CPC; ZX Spectrum; Commodore Amiga; Commodore 64; Atari ST,single-player video game; multiplayer video game,
A View to a Kill,Q88486,action game,Amstrad CPC; ZX Spectrum; MSX; Commodore 64,single-player video game,
Aaargh!,Q88519,action game,Classic Mac OS; DOS; Apple IIGS; Amstrad CPC; ZX Spectrum; Commodore Amiga; Commodore 64; Atari ST; MSX,co-op mode; single-player video game,
Abyss,Q88545,adventure game,ZX Spectrum; Commodore Amiga; Commodore 64,single-player video game,
Heroes of the Lance,Q88582,action-adventure game,DOS; Sega Master System; MSX; NEC PC-8800 series; Amstrad CPC; ZX Spectrum; Commodore Amiga; FM Towns; Commodore 64; Nintendo Entertainment System; Atari ST; NEC PC-9800 series,single-player video game,computer keyboard; joystick; gamepad
3-D Tic-Tac-Toe,Q88604,strategy game,Atari 2600; Atari 8-bit family,single-player video game; multiplayer video game,
Mission: Asteroid,Q88649,adventure game,Apple II; Commodore 64,single-player video game,computer keyboard
Bubble Dizzy,Q88742,action game,DOS; Amstrad CPC; ZX Spectrum; Commodore Amiga; Atari ST,single-player video game,
Bubble Bobble,Q88759,platform game,DOS; Sega Saturn; Sega Master System; Amstrad CPC; ZX Spectrum; Commodore Amiga; Family Computer Disk System; Commodore 64; Nintendo Entertainment System; Atari ST; Game Gear; MSX; PlayStation 4,co-op mode,
Captain Blood,Q88828,simulation video game; science fiction video game; adventure game,Classic Mac OS; DOS; Apple IIGS; Olivetti Prodest PC 128; Amstrad CPC; ZX Spectrum; Commodore Amiga; MOTO Gamme; Commodore 64; Atari ST,single-player video game,mouse
California Games,Q88855,sports video game,Atari 2600; DOS; Apple IIGS; Atari Lynx; Sega Master System; Microsoft Windows; Sega Genesis; Amstrad CPC; ZX Spectrum; iOS; Commodore Amiga; Commodore 64; Nintendo Entertainment System; Atari ST; MSX,single-player video game; multiplayer video game,
Cabal,Q88921,shoot 'em up,DOS; Amstrad CPC; ZX Spectrum; Commodore Amiga; Commodore 64; Nintendo Entertainment System,single-player video game,
Renegade,Q88947,beat 'em up; 2D computer graphics,DOS; Amstrad CPC; ZX Spectrum; Commodore Amiga; Commodore 64; Nintendo Entertainment System,single-player video game; multiplayer video game,
River Raid,Q88972,shoot 'em up,Atari 2600; Atari 5200; ColecoVision; ZX Spectrum; Commodore 64; MSX,single-player video game,joystick
Bumpy,Q90975,arcade-style video game; platform game,DOS; Amstrad CPC; ZX Spectrum; Commodore Amiga; Atari ST; MSX,hotseat; single-player video game,computer keyboard; joystick
Cauldron II: The Pumpkin Strikes Back,Q90985,action-adventure game; platform game; halloween video game,Amstrad CPC; ZX Spectrum; Commodore 64,single-player video game,computer keyboard
Championship Sprint,Q90990,racing video game,Xbox; Amstrad CPC; ZX Spectrum; PlayStation Portable; Commodore 64; PlayStation 3,single-player video game; multiplayer video game,
Chase H.Q.,Q90994,racing video game,Super Nintendo Entertainment System; Wii; TurboGrafx-16; Game Boy; Amstrad CPC; ZX Spectrum; Commodore Amiga; Commodore 64; Nintendo Entertainment System; Atari ST; MSX,single-player video game,racing wheel
Zombi,Q90999,action-adventure game; zombie video game,DOS; Amstrad CPC; ZX Spectrum; Commodore Amiga; Commodore 64; Atari ST,single-player video game,
Captain Dynamo,Q91084,platform game,DOS; Amstrad CPC; ZX Spectrum; Commodore Amiga; Commodore 64; Atari ST,,
Yie Ar Kung-Fu,Q91220,fighting game,BBC Micro; Game Boy Color; Commodore 16; Commodore Plus/4; PlayStation 2; Amstrad CPC; ZX Spectrum; Acorn Electron; Game Boy Advance; Commodore 64; Nintendo Entertainment System; Nintendo DS; arcade video game machine; MSX,single-player video game; multiplayer video game,
Yie Ar Kung-Fu II,Q91235,beat 'em up,BBC Micro; Thomson TO7; Thomson MO5; Amstrad CPC; ZX Spectrum; Acorn Electron; Commodore 64; Virtual Console; MSX,single-player video game,
Zaxxon,Q91247,shoot 'em up,Atari 2600; Atari 5200; Apple II; ColecoVision; SG-1000; ZX Spectrum; Commodore 64; arcade video game machine; MSX,,
Archon: The Light and the Dark,Q91268,fighting game,Classic Mac OS; DOS; Amstrad CPC; ZX Spectrum; Commodore Amiga; Commodore 64,single-player video game,
Arkanoid,Q91282,Breakout clone,Classic Mac OS; DOS; Super Nintendo Entertainment System; Wii; Apple IIGS; Xbox 360; Atari ST; Amstrad CPC; iOS; ZX Spectrum; Commodore Amiga; Commodore 64; Nintendo Entertainment System; Nintendo DS; MSX,single-player video game,touchscreen
Back to the Future,Q91419,action-adventure game,Amstrad CPC; ZX Spectrum; Commodore 64,single-player video game,computer keyboard
Back to the Future,Q91501,action-adventure game,Nintendo Entertainment System,single-player video game,
The Humans,Q93655,platform game; puzzle video game,DOS; Super Nintendo Entertainment System; Atari Lynx; Game Boy; Atari Falcon; Atari Jaguar; Sega Genesis; Commodore Amiga; Amiga CD32; Amiga 1200; Atari ST; 3DO Interactive Multiplayer,single-player video game,
Little Inferno,Q93951,puzzle video game,Android; Linux; Microsoft Windows; iOS; Nintendo Switch; macOS,single-player video game,touchscreen
Cars 2,Q94355,third-person shooter; racing video game,Wii; Xbox 360; Microsoft Windows; iOS; PlayStation Portable; PlayStation 3; Nintendo DS; macOS,single-player video game; multiplayer video game,computer keyboard; touchscreen
Grand Theft Auto 2,Q94460,action-adventure game; cyberpunk video game,Microsoft Windows; Dreamcast; PlayStation; Game Boy Color,single-player video game; multiplayer video game,computer keyboard
Grand Theft Auto,Q94501,action-adventure game,Microsoft Windows; DOS; PlayStation; MS-DOS,single-player video game; multiplayer video game,mouse; computer keyboard; gamepad
Grand Theft Auto: Vice City Stories,Q94640,action-adventure game; video game with LGBT character,PlayStation 2; PlayStation 3; PlayStation Portable,single-player video game; multiplayer video game,gamepad
Grand Theft Auto: Vice City,Q94671,action-adventure game; landscape art,Xbox; Android; Microsoft Windows; PlayStation 2; iOS; PlayStation 4; PlayStation 3; macOS,single-player video game,mouse; computer keyboard; gamepad; touchscreen
Grand Theft Auto: Liberty City Stories,Q94778,action-adventure game; video game with LGBT character,Android; Microsoft Windows; PlayStation 2; iOS; PlayStation Portable; PlayStation 3,single-player video game; multiplayer video game,gamepad; touchscreen
Grand Theft Auto IV,Q94797,action-adventure game; video game with LGBT character,Microsoft Windows; PlayStation 3; Xbox One; Xbox 360,single-player video game; multiplayer video game,mouse; computer keyboard; gamepad
Grand Theft Auto: Chinatown Wars,Q94871,action-adventure game,Nintendo DS; Android; PlayStation Portable; iOS,single-player video game; multiplayer video game,touchscreen
Dan Dare: Pilot of the Future,Q99730,action game; action-adventure game,Amstrad CPC; ZX Spectrum; Commodore 64,single-player video game,computer keyboard
Blasteroids,Q100042,shoot 'em up; action game,DOS; Amstrad CPC; ZX Spectrum; Commodore Amiga; Commodore 64; Atari ST; MSX,single-player video game; multiplayer video game,computer keyboard
Mega Man X2,Q100096,action game; platform game; adventure game,Super Nintendo Entertainment System,single-player video game,
Akalabeth: World of Doom,Q102303,role-playing video game,DOS; iOS; Apple II series; Commodore 64,single-player video game,touchscreen
Second Life,Q106827,virtual world,Microsoft Windows; Linux; macOS; Macintosh operating systems,multiplayer video game,
Clannad,Q110607,harem; visual novel; romance adventure game,Android; Xbox 360; Microsoft Windows; PlayStation 2; PlayStation Portable; Nintendo Switch; PlayStation 3,single-player video game,touchscreen
Chromehounds,Q111683,action game,Xbox 360,single-player video game; multiplayer video game,gamepad
Lego Batman 2: DC Super Heroes,Q112912,action-adventure game; crossover fiction,PlayStation Vita; Wii; Android; Xbox 360; Microsoft Windows; PlayStation 2; iOS; PlayStation Portable; PlayStation 3; Nintendo DS; macOS,single-player video game; multiplayer video game,touchscreen
Cloud,Q113100,puzzle video game,Microsoft Windows,single-player video game,
Crusader of Centy,Q113106,action-adventure game,Sega Genesis,single-player video game,gamepad
Chivalry: Medieval Warfare,Q113289,action game,Linux; Microsoft Windows; PlayStation 4; PlayStation 3; macOS,multiplayer video game,mouse; computer keyboard
Metal Drift,Q113979,vehicular combat game,Microsoft Windows,single-player video game; multiplayer video game,
Memories Off 6: Next Relation,Q114922,,PlayStation 2,,
The Idolmaster Cinderella Girls,Q115508,music video game,Android; iOS,multiplayer video game,touchscreen
Memories Off: Yubikiri no Kioku,Q115529,visual novel; bishōjo game,PlayStation Vita; PlayStation 3; Xbox 360; PlayStation 4,single-player video game,
Memories Off 6: T-wave,Q115571,visual novel; bishōjo game,PlayStation Vita; PlayStation 2; PlayStation 3; Xbox 360,single-player video game,gamepad
Heavy Metal: F.A.K.K. 2,Q115806,action-adventure game; third-person shooter,Microsoft Windows; Linux; macOS; Classic Mac OS,single-player video game,computer keyboard
Guitar Hero,Q116578,rhythm game; music video game,PlayStation 2,hotseat; single-player video game; multiplayer video game,
Kal Online,Q117809,massively multiplayer online role-playing game,Microsoft Windows,multiplayer video game,computer keyboard
Trine,Q117859,platform game; indie game; puzzle video game,Linux; Microsoft Windows; PlayStation Portable; PlayStation 4; Nintendo Switch; PlayStation 3; macOS,co-op mode; single-player video game,computer keyboard
MineStorm,Q119538,shoot 'em up,Vectrex,single-player video game,
Minesweeper,Q126194,tilesweeper; puzzle video game,Microsoft Windows; Android; Linux; iOS,,
Transformice,Q126474,platform game,Microsoft Windows; Linux; macOS,multiplayer video game,mouse; computer keyboard
Anno 2070,Q128291,science fiction video game; post-apocalyptic video game; real-time strategy; city-building game,Microsoft Windows,single-player video game; multiplayer video game,
Q.U.B.E.,Q128561,science fiction video game; puzzle video game,PlayStation Vita; Android; Linux; Microsoft Windows; Xbox One; PlayStation 4; PlayStation 3; Wii U; macOS,single-player video game,touchscreen
0x10c,Q128794,science fiction video game; space flight simulation game,Microsoft Windows; Java Virtual Machine; Linux; macOS,single-player video game; multiplayer video game,
Banjo-Kazooie,Q129000,Christmas video game; platform game; collect-a-thon platformer,Nintendo 64; Xbox 360,single-player video game,Nintendo 64 controller
The Ball,Q129114,first-person shooter; puzzle video game,Microsoft Windows; Ouya,single-player video game,computer keyboard
Hitman: Absolution,Q129277,action-adventure game,Microsoft Windows; PlayStation 3; macOS; Xbox 360,single-player video game; multiplayer video game,mouse; computer keyboard
Digimon Story Lost Evolution,Q129401,life simulation game; role-playing video game,Nintendo DS,single-player video game,
Call of Duty Online,Q130530,,Microsoft Windows,single-player video game,
Divinity II,Q130578,action role-playing game,Microsoft Windows; Xbox 360,single-player video game,mouse; computer keyboard
Baby Boomer,Q130641,shooter game,Nintendo Entertainment System,single-player video game,
Basic Math,Q130678,educational video game,Atari 2600,single-player video game,
Killing Floor,Q130887,survival horror; indie game; first-person shooter,Microsoft Windows; Linux; macOS,co-op mode; single-player video game; multiplayer video game,mouse; computer keyboard
World of Warcraft,Q131007,massively multiplayer online role-playing game; fantasy video game; high fantasy; science fantasy video game,Microsoft Windows; macOS,multiplayer video game,mouse; computer keyboard
State of Decay,Q133427,post-apocalyptic video game; survival game,Microsoft Windows; Xbox One; Xbox 360,single-player video game,Xbox 360 controller; mouse; computer keyboard; Xbox Wireless Controller
Tales of Hearts,Q133441,role-playing video game,Nintendo DS; PlayStation Vita; iOS,single-player video game,touchscreen
X2: Wolverine's Revenge,Q133992,action game,Xbox; Microsoft Windows; PlayStation 2; Game Boy Advance; Nintendo GameCube,single-player video game,
The Lion King,Q134138,platform game,DOS; Super Nintendo Entertainment System; Game Boy; Linux; Microsoft Windows; Sega Genesis; Amiga 1200; Nintendo Entertainment System; Game Gear; macOS,single-player video game,
X-Men Legends II: Rise of Apocalypse,Q134208,action role-playing game; role-playing video game,Xbox; Microsoft Windows; PlayStation 2; PlayStation Portable; N-Gage; Nintendo GameCube,co-op mode; single-player video game; multiplayer video game,gamepad
ZZT,Q136569,game creation system; puzzle video game,DOS,single-player video game,computer keyboard
Z,Q136597,real-time strategy,DOS; Sega Saturn; Android; Microsoft Windows; iOS; PlayStation; macOS,single-player video game; multiplayer video game,mouse; computer keyboard; touchscreen
Halo 3,Q137802,science fiction video game; first-person shooter,Microsoft Windows; Xbox One; Xbox 360,co-op mode; single-player video game; multiplayer video game,Xbox 360 controller
FIFA 12,Q137924,association football video game,PlayStation Vita; Wii; Xbox 360; Microsoft Windows; PlayStation 2; iOS; PlayStation Portable; PlayStation 3; Nintendo DS,single-player video game; multiplayer video game,gamepad; touchscreen
FIFA 13,Q137977,association football video game,PlayStation Vita; Nintendo 3DS; Wii; Xbox 360; Microsoft Windows; PlayStation 2; iOS; PlayStation Portable; PlayStation 3; Wii U,single-player video game; multiplayer video game,Kinect; computer keyboard; gamepad; touchscreen; PlayStation Move
Gungrave,Q138130,science fiction video game; third-person shooter,PlayStation 2,single-player video game,
Lionheart,Q141610,platform game,Commodore Amiga,single-player video game,joystick
Perfect World,Q142972,massively multiplayer online role-playing game,Microsoft Windows,multiplayer video game,computer keyboard
Zak McKracken and the Alien Mindbenders,Q144559,science fiction video game; adventure game,Atari ST; DOS; Commodore Amiga; Commodore 64,single-player video game,computer keyboard
Bad Piggies,Q144728,puzzle video game,BlackBerry 10; Android; Microsoft Windows; iOS; Wii U; macOS,single-player video game,touchscreen
Excitebike,Q146124,racing video game,Nintendo 3DS; NEC PC-8800 series; Family Computer Disk System; Game Boy Advance; Nintendo Entertainment System; arcade video game machine; Sharp X1,single-player video game; multiplayer video game,joystick
ZanZarah: The Hidden Portal,Q147074,action-adventure game,Microsoft Windows,single-player video game; multiplayer video game,computer keyboard
Dizzy – The Ultimate Cartoon Adventure,Q147789,platform game; Metroidvania,Amstrad CPC; ZX Spectrum; Commodore 64,single-player video game,computer keyboard
Zauberschloß,Q148474,adventure game,Atari 8-bit family,single-player video game,computer keyboard
Grand Theft Auto III,Q149106,action-adventure game,Xbox; Android; Microsoft Windows; PlayStation 2; iOS; PlayStation 4; PlayStation 3; macOS,single-player video game,mouse; computer keyboard; gamepad; touchscreen
Tron,Q149612,Tron-like; action game,arcade video game machine,single-player video game; multiplayer video game,
Paper Mario,Q149998,platform game; role-playing video game,iQue Player; Nintendo 64; Wii; Nintendo Switch; Wii U,single-player video game,game controller
Fire Emblem: Shadow Dragon and the Blade of Light,Q150146,tactical role-playing game,Nintendo 3DS; Wii; Nintendo Switch; Nintendo Entertainment System; Wii U,single-player video game,
Fire Emblem: The Sacred Stones,Q150169,tactical role-playing game,Wii U; Game Boy Advance; Nintendo 3DS,single-player video game; multiplayer video game,
Fire Emblem,Q150180,tactical role-playing game,Nintendo Switch; Wii U; Game Boy Advance,single-player video game,
Mortal Kombat,Q150294,fighting game,DOS; Super Nintendo Entertainment System; Xbox; Game Gear; Sega CD; Game Boy; Sega Master System; Microsoft Windows; Sega Genesis; PlayStation 2; Commodore Amiga; PlayStation Portable; arcade video game machine,multiplayer video game,gamepad
Sonic the Hedgehog: Triple Trouble,Q151512,action game; platform game,Game Gear,single-player video game,
Sonic Chaos,Q151531,platform game,Sega Master System; Game Gear,single-player video game,gamepad
Sonic Colors,Q151614,platform game,Wii,single-player video game; multiplayer video game,Wii Remote
The Incredible Hulk: Ultimate Destruction,Q153423,action game; action-adventure game,PlayStation 2; Xbox; Nintendo GameCube,single-player video game,gamepad
The Incredible Hulk,Q153547,action game; action-adventure game,Wii; Xbox 360; Microsoft Windows; PlayStation 2; PlayStation 3,single-player video game,
The Incredible Hulk: The Pantheon Saga,Q153602,platform game,DOS; PlayStation,single-player video game,gamepad
The Temple of Elemental Evil,Q154090,role-playing video game,Microsoft Windows; macOS,single-player video game,mouse; computer keyboard
.kkrieger,Q160083,science fiction video game; action game; first-person shooter,Microsoft Windows,single-player video game,mouse; computer keyboard
James Bond 007: Nightfire,Q161188,first-person shooter,Xbox; Microsoft Windows; PlayStation 2; macOS; Nintendo GameCube,single-player video game; multiplayer video game,computer keyboard
007 Legends,Q161192,first-person shooter,Microsoft Windows; PlayStation 3; Wii U; Xbox 360,single-player video game; multiplayer video game,game controller
James Bond 007: Everything or Nothing,Q161202,third-person shooter,PlayStation 2; Xbox; Nintendo GameCube,co-op mode; single-player video game; multiplayer video game,game controller
FreeCol,Q162028,turn-based strategy video game; indie game,Microsoft Windows; Java Virtual Machine; Linux; macOS,single-player video game; multiplayer video game,mouse; computer keyboard
Bastard‼,Q162233,fighting game,Super Nintendo Entertainment System,,
Soul Blazer,Q162562,action role-playing game; role-playing video game,Super Nintendo Entertainment System,single-player video game,
Sonic & Sega All-Stars Racing,Q162707,crossover fiction; racing video game,Wii; Android; Xbox 360; Microsoft Windows; iOS; PlayStation 3; Nintendo DS; macOS,single-player video game; multiplayer video game,gamepad; touchscreen
Metro 2033,Q162751,post-apocalyptic fiction; first-person shooter; post-apocalyptic video game; survival horror; stealth game,Linux; Xbox 360; Microsoft Windows; Xbox One; PlayStation 4; macOS,single-player video game,mouse; computer keyboard
Commando Libya,Q163336,shoot 'em up,Commodore 64,single-player video game,
Counter-Strike,Q163628,tactical shooter; first-person shooter,Microsoft Windows; Linux; macOS; Xbox,multiplayer video game,mouse; computer keyboard; microphone
Herzog Zwei,Q164067,real-time strategy,Sega Genesis,single-player video game; multiplayer video game,gamepad
Circus,Q164478,arcade-style video game,Atari 2600,single-player video game; multiplayer video game,paddle
StarCraft,Q165929,real-time strategy,Microsoft Windows; Nintendo 64; macOS; Classic Mac OS,co-op mode; single-player video game; multiplayer video game,mouse; computer keyboard; gamepad
Beyond: Two Souls,Q166226,science fiction video game; action-adventure game; interactive film,Microsoft Windows; PlayStation 3; PlayStation 4,co-op mode; single-player video game; multiplayer video game,gamepad
Dragonica,Q166394,fantasy video game,Microsoft Windows; iOS,co-op mode; single-player video game; multiplayer video game,touchscreen
Tales of Pirates,Q166634,massively multiplayer online role-playing game; fantasy video game,Microsoft Windows,,computer keyboard
Hatsuyuki Sakura,Q167003,eroge; visual novel; bishōjo game,Microsoft Windows,single-player video game,
Pirates of the Caribbean,Q167330,role-playing video game; adventure game,Microsoft Windows; Game Boy Advance; Xbox,single-player video game,computer keyboard
Pirates of the Caribbean: Dead Man's Chest,Q167359,action-adventure game; adventure game,Nintendo DS; PlayStation Portable; Game Boy Advance,single-player video game; multiplayer video game,
1080° Snowboarding,Q168615,racing video game,Nintendo 64,single-player video game; multiplayer video game,gamepad
Photo Kano,Q169405,dating sim,PlayStation Vita,,
Ratchet & Clank,Q170003,third-person shooter; platform game,PlayStation Vita; PlayStation 2; PlayStation 3,single-player video game,Sixaxis; gamepad; DualShock 3; DualShock 2
New Super Mario Bros. Wii,Q170410,side-scrolling video game; platform game,Wii,co-op mode; single-player video game; multiplayer video game,Wii Remote
Super Mario Galaxy,Q170489,science fantasy video game; 3D platform game,Wii U; Wii,co-op mode; single-player video game,Wii Remote
Fever Pitch Soccer,Q172113,association football video game,Sega Genesis; Super Nintendo Entertainment System,single-player video game; multiplayer video game,
Pac-Man,Q173626,maze video game,DOS; Apple II series; Commodore VIC-20; IBM Personal Computer; Xbox 360; Microsoft Windows; Commodore Amiga; Intellivision; Atari 5200; Super Nintendo Entertainment System; Xbox One; iOS; Texas Instruments TI-99/4A; Windows Phone; Nintendo Entertainment System; Neo Geo Pocket Color; PlayStation 4; Atari 2600; Game Boy Color; Android; Family Computer Disk System; Game Boy Advance; Commodore 64; Game Gear; Atari 8-bit family; iPod Touch; Linux; ZX Spectrum; MSX,single-player video game,computer keyboard; joystick; touchscreen
Doki Doki Majo Shinpan!,Q174481,adventure game,Nintendo DS,single-player video game,
Panzer Elite,Q174489,tank simulation game; action game,Microsoft Windows,single-player video game; multiplayer video game,computer keyboard
Far Cry 2,Q176336,first-person shooter,Microsoft Windows; PlayStation 3; Xbox 360,single-player video game; multiplayer video game,
Tayutama: Kiss on my Deity,Q177432,harem; fantasy video game; visual novel; eroge,Microsoft Windows; Xbox 360,,
King's Quest II,Q177459,adventure game,DOS; Commodore Amiga; Apple IIGS; Atari ST,single-player video game,computer keyboard
Breakout,Q177491,action game; Breakout clone,Atari 2600; Atari 5200; Dynavision; Microsoft Windows; iOS; arcade video game machine,single-player video game; multiplayer video game,paddle
The Secret of Monkey Island,Q179247,adventure game,Classic Mac OS; DOS; Microsoft Windows; Sega Genesis; iOS; Commodore Amiga; PlayStation 3; Atari ST; macOS,single-player video game,mouse; touchscreen
Galaxy Trucker,Q179649,science fiction video game; indie game,Android; iOS,,touchscreen
GoldenEye: Rogue Agent,Q180181,first-person shooter,PlayStation 2; Nintendo DS; Xbox; Nintendo GameCube,single-player video game; multiplayer video game,gamepad
Heroes of Newerth,Q180434,indie game; multiplayer online battle arena,Microsoft Windows; Linux; macOS; Macintosh operating systems,multiplayer video game,computer keyboard
Air-Sea Battle,Q182251,action game,Atari 2600,single-player video game; multiplayer video game,
PokerTH,Q182261,simulation video game,Microsoft Windows; Android; Linux; macOS,,
Amnesia,Q182409,otome game; visual novel,PlayStation Vita; Android; Microsoft Windows; iOS; PlayStation Portable; Nintendo Switch,single-player video game,
Da Capo III,Q182507,harem; visual novel; eroge,Microsoft Windows; Linux; macOS,single-player video game,
The Sims 2,Q182771,life simulation game; video game with LGBT character; social simulation game,Xbox; Microsoft Windows; PlayStation 2; PlayStation Portable; Game Boy Advance; Nintendo DS; macOS; Nintendo GameCube,single-player video game; multiplayer video game,mouse; computer keyboard; gamepad
Champions of Regnum,Q182884,massively multiplayer online role-playing game; indie game; fantasy,Microsoft Windows; Linux; macOS,multiplayer video game,computer keyboard
TOCA Race Driver 2,Q183590,racing video game,Microsoft Windows; PlayStation 2; Xbox,single-player video game; multiplayer video game,gamepad
The Sims,Q184816,life simulation game; video game with LGBT character,Classic Mac OS; Xbox; Microsoft Windows; PlayStation 2; macOS; Nintendo GameCube,single-player video game,mouse
The Sims 3,Q185482,life simulation game; video game with LGBT character; social simulation game,Nintendo 3DS; Wii; BlackBerry OS; Android; Xbox 360; Microsoft Windows; iOS; Windows Phone; N-Gage; PlayStation 3; Nintendo DS; macOS,single-player video game; multiplayer video game,mouse; computer keyboard; gamepad; touchscreen
Time Zone,Q187116,adventure game,Apple II series; Apple II,single-player video game,computer keyboard
Zelda II: The Adventure of Link,Q187339,action role-playing game; role-playing video game,Nintendo Entertainment System; Family Computer Disk System; Game Boy Advance,single-player video game,
Split/Second,Q187351,racing video game,Java Virtual Machine; Xbox 360; Microsoft Windows; iOS; PlayStation Portable; PlayStation 3,single-player video game; multiplayer video game,touchscreen
RuneScape,Q187732,massively multiplayer online role-playing game; fantasy video game,Java Virtual Machine; Android; Java platform; Microsoft Windows; macOS,multiplayer video game,computer keyboard; touchscreen
Robin Hood: The Legend of Sherwood,Q187894,real-time tactics,Microsoft Windows; Linux; macOS,single-player video game,computer keyboard
Doom,Q189784,arcade-style video game; science fiction video game; first-person shooter; science fantasy video game,DOS; Xbox 360; Atari Jaguar; Microsoft Windows; PlayStation; Nintendo Switch; PlayStation 3; Solaris; Super Nintendo Entertainment System; Sega 32X; Sega Genesis; Xbox One; iOS; Flipper Zero; MS-DOS; macOS; PlayStation 4; NEC PC-9800 series; Classic Mac OS; 3DO Interactive Multiplayer; Xbox; Android; IRIX; Game Boy Advance; Amiga 1200; Sega Saturn; Acorn Archimedes; Linux; OS/2; NeXTSTEP; RiscPC,co-op mode; single-player video game; multiplayer video game,
Zeppelin: Giants of the Sky,Q191404,business simulation game,DOS; Commodore Amiga,single-player video game,mouse
Zero Wing,Q191965,shoot 'em up; side-scrolling video game,Sega Genesis; arcade video game machine; TurboGrafx-16,single-player video game,gamepad
Half-Life 2,Q193581,science fiction video game; post-apocalyptic video game; first-person shooter,Xbox; Android; Linux; Xbox 360; Microsoft Windows; PlayStation 3; macOS,single-player video game; multiplayer video game,mouse; computer keyboard; gamepad; touchscreen
Fight for Life,Q194673,fighting game,Atari Jaguar,single-player video game; multiplayer video game,
Lionheart: Legacy of the Crusader,Q195158,action game; role-playing video game; adventure game; roguelike; hack and slash; action role-playing game,Microsoft Windows,co-op mode; single-player video game; multiplayer video game,mouse; computer keyboard
Toy Story 3,Q195280,action game; action-adventure game,Wii; Xbox 360; Microsoft Windows; PlayStation 2; iOS; PlayStation Portable; PlayStation 3; Nintendo DS; PlayStation 4,single-player video game; multiplayer video game,gamepad; touchscreen
Conquiztador,Q195300,strategy video game,Android; iOS; web browser,,computer keyboard
Twinity,Q195739,life simulation game,Microsoft Windows,multiplayer video game,
Project X Zone,Q195764,tactical role-playing game; crossover fiction,Nintendo 3DS,single-player video game,
Street Fighter II Turbo,Q196255,fighting game,Sega Genesis; Super Nintendo Entertainment System; Virtual Boy; arcade video game machine,,joystick
The King of Fighters '94,Q198081,fighting game,Neo Geo; PlayStation 2; PlayStation,,
The King of Fighters 2002,Q198092,fighting game,Xbox; Neo Geo; Xbox 360; Microsoft Windows; PlayStation 2; Dreamcast; arcade video game machine,single-player video game; multiplayer video game,mouse; computer keyboard; joystick; gamepad
The King of Fighters '98,Q198096,fighting game,Neo Geo; Android; PlayStation 2; iOS; PlayStation; Dreamcast,,touchscreen
Assassin's Creed,Q200864,action-adventure game; video game with LGBT character,Microsoft Windows; PlayStation 3; Xbox 360,single-player video game,gamepad
SimTown,Q201390,city-building game; simulation video game,Microsoft Windows; Super Nintendo Entertainment System; Classic Mac OS,single-player video game,mouse
Torchlight,Q201792,indie game; action role-playing game; role-playing video game,Microsoft Windows; macOS,single-player video game,computer keyboard
1869,Q202810,strategy video game; trade simulation game,DOS; Commodore Amiga,single-player video game,mouse
Hattrick,Q202934,association football video game; massively multiplayer online game,web browser,multiplayer online game,computer keyboard
Dig Dug,Q204105,action game,Atari 2600; Atari 8-bit family; Atari 5200; Commodore VIC-20; Game Boy; MSX; Microsoft Windows; iOS; Family Computer Disk System; Game Boy Advance; Commodore 64; Nintendo Entertainment System; Atari 7800,single-player video game,joystick; touchscreen
Modern Combat 2: Black Pegasus,Q204350,first-person shooter,Android; iOS,single-player video game; multiplayer video game,touchscreen
Ballblazer,Q205508,action game; association football video game,Atari 5200; Apple II; Apple IIGS; MSX; Amstrad CPC; ZX Spectrum; Commodore 64; Nintendo Entertainment System; Atari ST; Atari 7800,single-player video game; multiplayer video game,gamepad
Battlefield 2,Q206653,first-person shooter,Microsoft Windows,co-op mode; single-player video game; multiplayer video game,mouse
Tamagotchi,Q207786,strategy video game,Nintendo DS,,
Call of Duty: World at War,Q207797,first-person shooter,Windows Mobile; Wii; Xbox 360; Microsoft Windows; PlayStation 3,co-op mode; single-player video game; multiplayer video game,computer keyboard
Warcraft: Orcs & Humans,Q207885,fantasy video game; real-time strategy,Microsoft Windows; DOS; Classic Mac OS,single-player video game; multiplayer video game,mouse; computer keyboard
Warcraft III: Reign of Chaos,Q207948,fantasy video game; real-time strategy,Microsoft Windows; macOS; Classic Mac OS,single-player video game; multiplayer video game,computer keyboard
Call of Duty: Black Ops,Q207986,first-person shooter,Wii; Xbox 360; Microsoft Windows; Xbox One; PlayStation 4; PlayStation 3; Nintendo DS; macOS,co-op mode; single-player video game; multiplayer video game,computer keyboard
Insane,Q209045,racing video game,Microsoft Windows,player versus player; single-player video game; multiplayer video game; offline multiplayer,computer keyboard
The Karate Kid,Q210271,platform game,Nintendo Entertainment System,single-player video game; multiplayer video game,
Destiny,Q210275,science fiction video game; first-person shooter; action role-playing game,PlayStation 3; Xbox One; Xbox 360; PlayStation 4,multiplayer video game,gamepad
Call of Duty 2,Q210298,first-person shooter,Microsoft Windows; macOS; Xbox 360,single-player video game; multiplayer video game,
Darwinia,Q210552,hybrid literary genre; real-time tactics; real-time strategy,Microsoft Windows; Linux; macOS; Classic Mac OS,single-player video game,computer keyboard
Spore,Q210844,science fiction video game; role-playing video game; life simulation game; god game; real-time strategy,Microsoft Windows; macOS,single-player video game,computer keyboard
Last Bullet,Q211007,adventure game,Nintendo DS,single-player video game,
Call of Duty,Q211096,first-person shooter,Xbox 360; macOS; Microsoft Windows; PlayStation 3; N-Gage,single-player video game; multiplayer video game,mouse; computer keyboard
Assassin's Creed II,Q211735,stealth game; action-adventure game; third-person shooter,Xbox 360; Microsoft Windows; Xbox One; PlayStation 4; PlayStation 3; macOS,single-player video game,gamepad
DK: King of Swing,Q211858,puzzle video game,Game Boy Advance,single-player video game; multiplayer video game,
Mafia,Q213217,third-person shooter; vehicular combat game,Microsoft Windows; PlayStation 2; Xbox,single-player video game,computer keyboard
The Legend of Zelda: Ocarina of Time,Q213911,action-adventure game,iQue Player; Nintendo 64; Nintendo 3DS; Wii; Virtual Console; Nintendo GameCube,single-player video game,gamepad
Metin2,Q268616,massively multiplayer online role-playing game,Microsoft Windows,multiplayer video game,mouse; computer keyboard
Shiren the Wanderer,Q268867,role-playing video game,Wii,,
Catacomb 3-D,Q269487,first-person shooter,DOS,single-player video game,computer keyboard
Luxor,Q270477,puzzle video game,Android; Microsoft Windows; iOS; PlayStation Portable; macOS,single-player video game,mouse; computer keyboard; gamepad; touchscreen
Age of Mythology,Q271062,real-time strategy,Microsoft Windows; macOS; Classic Mac OS,co-op mode; single-player video game; multiplayer video game,computer keyboard
Portal,Q274897,science fiction video game; first-person shooter; puzzle video game; science fiction,Android; Linux; Xbox 360; Microsoft Windows; PlayStation 3; macOS,single-player video game; multiplayer video game,computer keyboard; touchscreen
Super Ghouls 'n Ghosts,Q275122,platform game,Super Nintendo Entertainment System; Game Boy Advance,single-player video game,
Resident Evil 4,Q275950,survival horror; action-adventure game; third-person shooter,Wii; Android; Xbox 360; Microsoft Windows; Zeebo; Xbox One; PlayStation 2; PlayStation Portable; iOS; Nintendo Switch; PlayStation 3; PlayStation 4; Nintendo GameCube,single-player video game,mouse; computer keyboard; gamepad; touchscreen
Mass Effect,Q275960,science fiction video game; space opera video game; role-playing video game; video game with LGBT character; LGBTI+ related video game; third-person shooter; action role-playing game,Xbox 360; Microsoft Windows; Xbox One; PlayStation 3; PlayStation 4,single-player video game,mouse; computer keyboard; gamepad
Halo: Combat Evolved,Q276217,first-person shooter,Xbox; Xbox 360; Microsoft Windows; Xbox One; Xbox Series X and Series S; macOS,co-op mode; single-player video game; multiplayer video game,mouse; computer keyboard; gamepad
Ruff 'n' Tumble,Q276591,science fiction video game; platform game,Commodore Amiga,single-player video game,
Tears to Tiara,Q276744,harem; visual novel; eroge,Microsoft Windows; PlayStation 3,,
Catherine,Q277377,action-adventure game; psychological horror; LGBTI+ related video game; video game with LGBT character; puzzle video game; survival horror; platform game,PlayStation Vita; Xbox 360; Microsoft Windows; personal computer; Nintendo Switch; PlayStation 3; PlayStation 4,single-player video game; multiplayer video game,gamepad
9Dragons,Q277404,massively multiplayer online role-playing game,Microsoft Windows,multiplayer video game; online game,computer keyboard
Amazing Tater,Q278227,puzzle video game,Game Boy,single-player video game,
Keyboardmania,Q278270,music video game,PlayStation 2,,musical keyboard
Colin McRae Rally 3,Q278564,racing video game,Microsoft Windows; PlayStation 2; Xbox,single-player video game,
Bloodstone: An Epic Dwarven Tale,Q278608,role-playing video game,DOS,single-player video game,computer keyboard
Worms,Q278771,strategy video game; artillery game,DOS; Super Nintendo Entertainment System; Sega Saturn; Game Boy Color; Game Boy; Atari Jaguar; Microsoft Windows; Sega Genesis; Commodore Amiga; PlayStation,single-player video game; multiplayer video game,mouse
Portal 2,Q279446,science fiction video game; post-apocalyptic video game; first-person shooter; puzzle video game,Linux; Xbox 360; Microsoft Windows; PlayStation 3; macOS,co-op mode; single-player video game; multiplayer video game,mouse; computer keyboard; gamepad
Half-Life,Q279744,science fiction video game; first-person shooter,Microsoft Windows; PlayStation 2; Linux; macOS,single-player video game; multiplayer video game,mouse; computer keyboard; gamepad
Dizzy Prince of the Yolkfolk,Q279938,action-adventure game,DOS; Amstrad CPC; ZX Spectrum; Commodore Amiga; Commodore 64; Nintendo Entertainment System; Atari ST,single-player video game,
Hamlet,Q280104,indie game; adventure game,Microsoft Windows; Android; iOS,single-player video game,computer keyboard; touchscreen
Kingdom Hearts: Birth by Sleep,Q281110,crossover fiction; action role-playing game; role-playing video game,PlayStation 3; PlayStation Portable,single-player video game; multiplayer video game,
Need for Speed: The Run,Q281246,racing video game,Nintendo 3DS; Wii; Xbox 360; Microsoft Windows; PlayStation 3,single-player video game; multiplayer video game,computer keyboard
Killzone: Liberation,Q281392,third-person shooter,PlayStation Portable; PlayStation 4,single-player video game; multiplayer video game,
Battletank,Q281924,simulation video game,Nintendo Entertainment System,single-player video game,
TimeSplitters 2,Q282008,science fantasy video game; first-person shooter,PlayStation 2; Xbox; Nintendo GameCube,co-op mode; single-player video game; multiplayer video game,gamepad
Maken X,Q282450,action game,PlayStation 2; Dreamcast,single-player video game,
LittleBigPlanet,Q282548,science fantasy video game; platform game; puzzle video game,PlayStation Portable,single-player video game,
Legacy of Kain: Soul Reaver,Q282623,action-adventure game,Microsoft Windows; Dreamcast; PlayStation,single-player video game,gamepad
Fade to Black,Q282941,science fiction video game; action-adventure game; cyberpunk video game,DOS; Dreamcast; PlayStation Portable; PlayStation,single-player video game,
Sonic R,Q282945,racing video game,Microsoft Windows; Sega Saturn,single-player video game; multiplayer video game,gamepad
Screamer 4x4,Q283211,racing video game,Microsoft Windows,single-player video game; multiplayer video game,racing wheel
Knuckle Heads,Q283761,fighting game,arcade video game machine,single-player video game; multiplayer video game,joystick
Halo: Reach,Q283878,first-person shooter,Microsoft Windows; Xbox 360,co-op mode; single-player video game; multiplayer video game,Xbox 360 controller
Stunt Race FX,Q284064,racing video game,Super Nintendo Entertainment System,single-player video game; multiplayer video game,
Hexen II,Q284203,first-person shooter,Microsoft Windows; Linux; macOS; Classic Mac OS,co-op mode; single-player video game; multiplayer video game,mouse; computer keyboard
flOw,Q284928,life simulation game,PlayStation Vita; PlayStation Portable; Adobe Flash; PlayStation 3; PlayStation 4,single-player video game; multiplayer video game,
Growl,Q285065,beat 'em up,Sega Genesis; arcade video game machine,co-op mode; single-player video game,
eJay,Q285150,music video game,PlayStation 2,,
Syphon Filter: The Omega Strain,Q285208,stealth game; third-person shooter,PlayStation 2,single-player video game; multiplayer video game,DualShock
Panic Restaurant,Q285402,platform game,Nintendo Entertainment System,single-player video game,
Ef: A Fairy Tale of the Two,Q285449,eroge; visual novel,Microsoft Windows; PlayStation 2,,
4x4 EVO 2,Q285827,racing video game,Classic Mac OS; Xbox; Microsoft Windows; PlayStation 2; Nintendo GameCube,single-player video game; multiplayer video game,
True Tears,Q286051,visual novel,Microsoft Windows; PlayStation 2,,
Dracula Unleashed,Q286165,video game with LGBT character; adventure game,Microsoft Windows; Sega Genesis; Classic Mac OS,single-player video game,
Wipeout,Q286205,racing video game,Microsoft Windows; DOS; Android; PlayStation,single-player video game; multiplayer video game,touchscreen
NBA Elite 11,Q286305,basketball video game,iOS,single-player video game; multiplayer video game,touchscreen
The Path,Q286737,psychological horror; indie game,Microsoft Windows; macOS,single-player video game,computer keyboard
Destroy All Humans! 2,Q287276,science fiction video game; third-person shooter,PlayStation 2; Xbox,single-player video game; multiplayer video game,
Gemini Rue,Q287330,cyberpunk video game; indie game; neo-noir; adventure game,Android; Linux; Microsoft Windows; iOS; macOS,single-player video game,mouse; touchscreen
De Blob,Q287409,platform game; puzzle video game,"Wii; BlackBerry OS; Android; Microsoft Windows; Xbox One; iOS; Binary Runtime Environment for Wireless; Windows Phone; Nintendo Switch; Java Platform, Micro Edition; PlayStation 4",single-player video game; multiplayer video game,Wii Remote; touchscreen
Eye of the Beholder II: The Legend of Darkmoon,Q287600,fantasy video game; role-playing video game,DOS; Linux; Microsoft Windows; FM Towns; Commodore Amiga; Amiga 1200; NEC PC-9800 series; macOS,single-player video game,computer keyboard
The Witcher,Q287637,fantasy video game; action role-playing game,Microsoft Windows; macOS,single-player video game,mouse; computer keyboard
dnd,Q287985,dungeon crawl; role-playing video game,PLATO,,
Spider-Man,Q288296,beat 'em up,Nintendo 64; Game Boy Color; Microsoft Windows; PlayStation; Macintosh operating systems; Dreamcast,single-player video game,computer keyboard; gamepad
One Piece: Birth of Luffy's Dream Pirate Crew!,Q288346,tactical role-playing game,Game Boy Color,,
Silent Hill: Downpour,Q288596,psychological horror,PlayStation 3; Xbox 360,single-player video game,gamepad
Dragon Buster,Q288754,dungeon crawl; platform game; action role-playing game; role-playing video game,Nintendo Entertainment System; arcade video game machine; MSX,,joystick
Batman: Arkham City,Q288811,stealth game; action-adventure game; beat 'em up; science fantasy video game,Xbox 360; Microsoft Windows; Xbox One; PlayStation 4; PlayStation 3; Wii U; macOS,single-player video game,mouse; computer keyboard; gamepad
G.I. Joe: The Rise of Cobra,Q288884,action game,Wii; Xbox 360; PlayStation 2; PlayStation 3; Nintendo DS,,gamepad
Operation Wolf,Q288958,arcade-style video game; shoot 'em up; light-gun shooter,DOS; TurboGrafx-16; Sega Master System; Amstrad CPC; ZX Spectrum; Commodore Amiga; Commodore 64; Nintendo Entertainment System; Atari ST; MSX,single-player video game,gamepad
Radar Rat Race,Q289109,maze video game,Commodore VIC-20; Commodore 64,single-player video game,joystick
Super Monkey Ball,Q289882,platform game,Windows Phone; iOS; N-Gage; Nintendo GameCube,single-player video game; multiplayer video game,
Space Channel 5,Q290136,music video game,PlayStation 2; Dreamcast,single-player video game; multiplayer video game,gamepad
Quake 4,Q290534,science fiction video game; biopunk; first-person shooter,Xbox; Linux; Xbox 360; Microsoft Windows; macOS,single-player video game; multiplayer video game,computer keyboard
Legends of Wrestling II,Q290981,fighting game,PlayStation 2; Xbox; Nintendo GameCube,single-player video game; multiplayer video game,
Ilomilo,Q292089,puzzle video game,Microsoft Windows; Windows Phone; Xbox 360,single-player video game; multiplayer video game,
APB: All Points Bulletin,Q296101,action-adventure game; third-person shooter,Microsoft Windows; PlayStation 4,multiplayer video game,mouse; computer keyboard
ARMA 2,Q296744,third-person shooter; first-person shooter,Microsoft Windows,single-player video game; multiplayer video game,computer keyboard
A Boy and His Blob: Trouble on Blobolonia,Q300339,Metroidvania; puzzle video game,Nintendo Entertainment System,single-player video game,game controller
A Mind Forever Voyaging,Q300483,interactive fiction,Classic Mac OS; DOS; Apple II series; Commodore 128; Commodore Amiga; MS-DOS; Atari ST,single-player video game,computer keyboard
A Second Face,Q300548,adventure game,Microsoft Windows,single-player video game,
A Tale in the Desert,Q300580,massively multiplayer online role-playing game,Microsoft Windows; Linux; macOS,multiplayer video game,computer keyboard
Shattered Union,Q301410,turn-based tactics,Microsoft Windows; Xbox,single-player video game; multiplayer video game,computer keyboard
PowerPlay Manager,Q301428,sports video game; massively multiplayer browser role-playing game,web browser,,
Costume Quest,Q302120,role-playing video game; halloween video game; adventure game,Android; Linux; Microsoft Windows; iOS; PlayStation 3; macOS,single-player video game,touchscreen
Darkest Hour: A Hearts of Iron Game,Q302319,real-time strategy; grand strategy wargame,Microsoft Windows,single-player video game; multiplayer video game,
BioShock 2,Q302839,first-person shooter,Microsoft Windows; PlayStation 3; macOS; Xbox 360,single-player video game; multiplayer video game,computer keyboard
Lords of the Realm III,Q304003,real-time strategy,Microsoft Windows,single-player video game; multiplayer video game,computer keyboard
Kyo Kara Maoh!,Q304061,fantasy anime and manga; adventure anime and manga,Microsoft Windows,,
Empire Earth II,Q304258,real-time strategy,Microsoft Windows,single-player video game; multiplayer video game,computer keyboard
Bureaucracy,Q304643,interactive fiction,Classic Mac OS; DOS; Commodore 128; Commodore Amiga; Atari ST,single-player video game,computer keyboard
Deepolis,Q305027,,web browser,multiplayer online game,
Narcissu,Q306348,visual novel,Microsoft Windows; Linux; macOS,single-player video game,computer keyboard
Eden*,Q307199,science fiction video game; drama anime and manga; eroge; visual novel; science fiction anime and manga; romance anime and manga,Microsoft Windows,single-player video game,
Ai Sp@ce,Q307210,,Microsoft Windows,single-player video game; multiplayer video game,
GrimGrimoire,Q307273,real-time strategy; video game with LGBT character,PlayStation 2; PlayStation 3,single-player video game,
gbrainy,Q307397,puzzle video game,Microsoft Windows; Linux,,
osu!,Q307441,rhythm game; indie game; music video game,Android; Linux; Microsoft Windows; iOS; macOS,player versus player,computer keyboard; pointing device; graphic tablet; touchscreen; mouse
H2O: Footprints in the Sand,Q307507,eroge; visual novel; crossover fiction,Microsoft Windows; PlayStation 2,,
Narcissu: Side 2nd,Q308159,visual novel,cross-platform,single-player video game,computer keyboard
Call of Duty 3,Q308961,first-person shooter,Xbox; Wii; Xbox 360; PlayStation 2; PlayStation 3,single-player video game; multiplayer video game,
Killer7,Q310003,shoot 'em up,Microsoft Windows; PlayStation 2; personal computer; Nintendo GameCube,single-player video game,
RFactor,Q310422,racing video game,Microsoft Windows,single-player video game; multiplayer video game,joystick
Luxor 2,Q315256,puzzle video game,Wii; Microsoft Windows; PlayStation 2; Nintendo DS; macOS,single-player video game,gamepad
Luxor 3,Q315260,puzzle video game,Microsoft Windows; macOS; Wii,single-player video game,mouse
Tomb Raider,Q317620,action-adventure game,DOS; Sega Saturn; PlayStation 5; Android; Microsoft Windows; Pocket PC; iOS; Xbox One; PlayStation; Nintendo Switch; PlayStation 4; MS-DOS; N-Gage; Xbox Series X and Series S; macOS,single-player video game,touchscreen
Dishonored,Q323264,stealth game; action-adventure game,Xbox 360; Microsoft Windows; Xbox One; PlayStation 3; PlayStation 4,single-player video game,mouse; computer keyboard; gamepad
